"Fase","Atividade","Resultado","Prioridade","Estado","Responsável"
"Descoberta","Conversar com moradores e organizadores","Registrar canais usados, problemas reais e limites de participação","Alta","A planejar",""
"Descoberta","Escolher território de referência","Definir município, bairros e fonte dos limites geográficos","Alta","A planejar",""
"Descoberta","Validar tarefas prioritárias","Revisar as tarefas que o site precisa apoiar com pessoas dos públicos previstos","Alta","A planejar",""
"Produto","Definir operação municipal","Documentar autorização de administradores, horários de cobertura, revogação e canal de encaminhamento","Alta","A planejar",""
"Produto","Aprovar regras da comunidade","Definir infrações, ações de moderação, acesso a denúncias e recurso","Alta","A planejar",""
"Produto","Definir política de dados","Documentar finalidade, retenção, exclusão, acesso a registros e tratamento de fotos","Alta","A planejar",""
"Protótipo","Revisar feed e publicações","Marcar dados fictícios, remover métricas sem regra e alinhar termos do produto","Alta","A planejar",""
"Protótipo","Adicionar consentimento de IA","Mostrar campos enviados, provedor, uso, alternativa manual e decisão explícita","Alta","A planejar",""
"Protótipo","Adicionar fluxos municipais","Demonstrar designação territorial, análise individual, histórico e pedido de revisão","Alta","A planejar",""
"Arquitetura","Escolher tecnologias","Registrar decisões de interface, API, autenticação, dados, arquivos e hospedagem","Alta","A planejar",""
"Arquitetura","Fechar modelo de dados","Validar entidades, cardinalidades, integridade e política de retenção","Alta","A planejar",""
"Implementação","Construir conta e bairros","Permitir cadastro, sessão, escolha do município e bairros acompanhados","Alta","A planejar",""
"Implementação","Construir feed e eventos","Permitir consulta, busca, criação, edição, presença, cancelamento e aviso de alterações","Alta","A planejar",""
"Implementação","Construir avisos e colaboração","Permitir publicar, responder, atualizar estado, denunciar e preservar histórico","Alta","A planejar",""
"Implementação","Construir administração e moderação","Aplicar escopo territorial, motivo, auditoria, notificação e revisão no servidor","Alta","A planejar",""
"Implementação","Integrar notificações e IA opcional","Proteger credenciais, respeitar preferências e manter alternativa manual","Normal","A planejar",""
"Qualidade","Verificar acessibilidade, segurança e desempenho","Registrar ambiente, roteiro, evidências e pendências sem alegar conformidade não avaliada","Alta","A planejar",""
"Operação","Preparar implantação e suporte","Definir responsáveis, canal de contato, atualização de conteúdo e resposta a incidentes","Alta","A planejar",""
